{"nightTab":true,"version":"7.3.0","state":{"layout":{"area":{"header":{"width":100,"justify":"center"},"bookmark":{"width":100,"justify":"center"}},"alignment":"center-center","order":"header-bookmark","direction":"horizontal","size":100,"width":80,"padding":64,"gutter":61,"breakpoint":"sm","scrollbar":"auto","title":"","favicon":"","overscroll":true},"header":{"item":{"justify":"left"},"greeting":{"show":true,"type":"custom","custom":"get on task loser","name":"","size":100,"newLine":true},"transitional":{"show":false,"type":"time-and-date","size":100,"newLine":false},"clock":{"hour":{"show":true,"display":"number"},"minute":{"show":true,"display":"number"},"second":{"show":false,"display":"number"},"separator":{"show":true,"text":""},"meridiem":{"show":false},"hour24":{"show":true},"size":100,"newLine":false},"date":{"day":{"show":true,"display":"word","weekStart":"monday","length":"long"},"date":{"show":true,"display":"number","ordinal":true},"month":{"show":true,"display":"word","length":"long","ordinal":true},"year":{"show":false,"display":"word"},"separator":{"show":true,"text":"  "},"format":"date-month","size":92,"newLine":true},"search":{"show":true,"width":{"by":"auto","size":30},"engine":{"selected":"duckduckgo","custom":{"name":"","url":"","queryName":""}},"text":{"justify":"center"},"size":100,"newLine":false,"newTab":false,"string":""},"order":["greeting","clock","date","search"],"edit":false},"bookmark":{"size":92,"url":{"show":true},"line":{"show":true},"shadow":{"show":true},"hoverScale":{"show":true},"orientation":"bottom","style":"block","newTab":false,"edit":false,"add":false,"show":true,"item":{}},"group":{"area":{"justify":"right"},"order":"body-header","name":{"size":100},"toolbar":{"size":100},"edit":false,"add":false},"toolbar":{"location":"corner","position":"bottom-right","size":50,"accent":{"show":true},"add":{"show":true},"edit":{"show":true},"newLine":false},"theme":{"color":{"range":{"primary":{"h":278,"s":73}},"contrast":{"start":10,"end":60},"shades":14},"accent":{"hsl":{"h":160,"s":100,"l":50},"rgb":{"r":0,"g":255,"b":170},"random":{"active":false,"style":"any"},"cycle":{"active":false,"speed":300,"step":10}},"font":{"display":{"name":"Autour One","weight":400,"style":"normal"},"ui":{"name":"Solway","weight":400,"style":"normal"}},"background":{"type":"gradient","color":{"hsl":{"h":221,"s":47,"l":17},"rgb":{"r":23,"g":36,"b":64}},"gradient":{"angle":0,"start":{"hsl":{"h":222,"s":72,"l":25},"rgb":{"r":18,"g":45,"b":110}},"end":{"hsl":{"h":299,"s":72,"l":25},"rgb":{"r":108,"g":18,"b":110}}},"image":{"url":"","blur":0,"grayscale":0,"scale":100,"accent":0,"opacity":100,"vignette":{"opacity":0,"start":90,"end":70}},"video":{"url":"","blur":0,"grayscale":0,"scale":100,"accent":0,"opacity":100,"vignette":{"opacity":0,"start":90,"end":70}}},"opacity":{"general":15},"layout":{"color":{"by":"theme","blur":0,"opacity":10,"hsl":{"h":0,"s":0,"l":0},"rgb":{"r":0,"g":0,"b":0}},"divider":{"size":0}},"header":{"color":{"by":"theme","opacity":10,"hsl":{"h":0,"s":0,"l":0},"rgb":{"r":0,"g":0,"b":0}},"search":{"opacity":15}},"bookmark":{"color":{"by":"theme","opacity":10,"hsl":{"h":0,"s":0,"l":0},"rgb":{"r":0,"g":0,"b":0}},"item":{"border":0,"opacity":15}},"group":{"toolbar":{"opacity":15}},"toolbar":{"opacity":15},"style":"dark","radius":10,"shadow":100,"shade":{"opacity":90,"blur":0},"custom":{"all":[],"edit":false}},"search":false,"modal":false,"menu":true},"bookmark":[{"name":{"text":"Cool stuff","show":false},"collapse":true,"toolbar":{"openAll":{"show":true},"collapse":{"show":true}},"items":[{"url":"https://www.amazon.co.uk/","display":{"alignment":"center-center","direction":"vertical","order":"visual-name","rotate":0,"translate":{"x":0,"y":0},"gutter":25,"name":{"show":true,"text":"Amazon","size":7},"visual":{"show":true,"type":"letter","size":25,"letter":{"text":"AZ"},"icon":{"name":"amazon","prefix":"fab","label":"Amazon"},"image":{"url":""},"shadow":{"size":0}}},"accent":{"by":"theme","hsl":{"h":0,"s":0,"l":0},"rgb":{"r":0,"g":0,"b":0}},"color":{"by":"theme","hsl":{"h":0,"s":0,"l":0},"rgb":{"r":0,"g":0,"b":0},"opacity":15},"background":{"show":false,"type":"image","opacity":100,"image":{"url":""},"video":{"url":""}},"border":0,"shape":{"wide":false,"tall":false},"timestamp":1626297999213},{"url":"https://zombiefox.github.io/awesomeSheet/","display":{"alignment":"center-center","direction":"vertical","order":"visual-name","rotate":0,"translate":{"x":0,"y":0},"gutter":25,"name":{"show":true,"text":"awesomeSheet","size":7},"visual":{"show":true,"type":"icon","size":25,"letter":{"text":"AS"},"icon":{"name":"dice-d20","prefix":"fas","label":"Dice D20"},"image":{"url":""},"shadow":{"size":0}}},"accent":{"by":"theme","hsl":{"h":0,"s":0,"l":0},"rgb":{"r":0,"g":0,"b":0}},"color":{"by":"theme","hsl":{"h":0,"s":0,"l":0},"rgb":{"r":0,"g":0,"b":0},"opacity":15},"background":{"show":false,"type":"image","opacity":100,"image":{"url":""},"video":{"url":""}},"border":0,"shape":{"wide":false,"tall":false},"timestamp":1626297988913},{"url":"https://mail.google.com/","display":{"alignment":"center-center","direction":"vertical","order":"visual-name","rotate":0,"translate":{"x":0,"y":0},"gutter":25,"name":{"show":true,"text":"Gmail","size":7},"visual":{"show":true,"type":"letter","size":25,"letter":{"text":"GM"},"icon":{"name":"envelope","prefix":"fas","label":"Envelope"},"image":{"url":""},"shadow":{"size":0}}},"accent":{"by":"theme","hsl":{"h":0,"s":0,"l":0},"rgb":{"r":0,"g":0,"b":0}},"color":{"by":"theme","hsl":{"h":0,"s":0,"l":0},"rgb":{"r":0,"g":0,"b":0},"opacity":15},"background":{"show":false,"type":"image","opacity":100,"image":{"url":""},"video":{"url":""}},"border":0,"shape":{"wide":false,"tall":false},"timestamp":1626298011293},{"url":"https://www.netflix.com/","display":{"alignment":"center-center","direction":"vertical","order":"visual-name","rotate":0,"translate":{"x":0,"y":0},"gutter":25,"name":{"show":true,"text":"Netflix","size":7},"visual":{"show":true,"type":"icon","size":25,"letter":{"text":"N"},"icon":{"name":"film","prefix":"fas","label":"Film"},"image":{"url":""},"shadow":{"size":0}}},"accent":{"by":"theme","hsl":{"h":0,"s":0,"l":0},"rgb":{"r":0,"g":0,"b":0}},"color":{"by":"theme","hsl":{"h":0,"s":0,"l":0},"rgb":{"r":0,"g":0,"b":0},"opacity":15},"background":{"show":false,"type":"image","opacity":100,"image":{"url":""},"video":{"url":""}},"border":0,"shape":{"wide":false,"tall":false},"timestamp":1626298022303},{"url":"https://drive.google.com/drive/","display":{"alignment":"center-center","direction":"vertical","order":"visual-name","rotate":0,"translate":{"x":0,"y":0},"gutter":25,"name":{"show":true,"text":"Drive","size":7},"visual":{"show":true,"type":"letter","size":25,"letter":{"text":"DR"},"icon":{"name":"google-drive","prefix":"fab","label":"Drive"},"image":{"url":""},"shadow":{"size":0}}},"accent":{"by":"theme","hsl":{"h":0,"s":0,"l":0},"rgb":{"r":0,"g":0,"b":0}},"color":{"by":"theme","hsl":{"h":0,"s":0,"l":0},"rgb":{"r":0,"g":0,"b":0},"opacity":15},"background":{"show":false,"type":"image","opacity":100,"image":{"url":""},"video":{"url":""}},"border":0,"shape":{"wide":false,"tall":false},"timestamp":1626298028996},{"url":"https://www.reddit.com/","display":{"alignment":"center-center","direction":"vertical","order":"visual-name","rotate":0,"translate":{"x":0,"y":0},"gutter":25,"name":{"show":true,"text":"Reddit","size":7},"visual":{"show":true,"type":"icon","size":25,"letter":{"text":"R"},"icon":{"name":"reddit-alien","prefix":"fab","label":"reddit Alien"},"image":{"url":""},"shadow":{"size":0}}},"accent":{"by":"theme","hsl":{"h":0,"s":0,"l":0},"rgb":{"r":0,"g":0,"b":0}},"color":{"by":"theme","hsl":{"h":0,"s":0,"l":0},"rgb":{"r":0,"g":0,"b":0},"opacity":15},"background":{"show":false,"type":"image","opacity":100,"image":{"url":""},"video":{"url":""}},"border":0,"shape":{"wide":false,"tall":false},"timestamp":1626298017175}]},{"name":{"text":"Dev sites","show":false},"collapse":false,"toolbar":{"openAll":{"show":true},"collapse":{"show":true}},"items":[{"url":"https://devdocs.io/","display":{"alignment":"center-center","direction":"vertical","order":"visual-name","rotate":0,"translate":{"x":0,"y":0},"gutter":25,"name":{"show":true,"text":"Devdocs","size":7},"visual":{"show":true,"type":"icon","size":25,"letter":{"text":"DEV"},"icon":{"name":"code","prefix":"fas","label":"Code"},"image":{"url":""},"shadow":{"size":0}}},"accent":{"by":"theme","hsl":{"h":0,"s":0,"l":0},"rgb":{"r":0,"g":0,"b":0}},"color":{"by":"theme","hsl":{"h":0,"s":0,"l":0},"rgb":{"r":0,"g":0,"b":0},"opacity":15},"background":{"show":false,"type":"image","opacity":100,"image":{"url":""},"video":{"url":""}},"border":0,"shape":{"wide":false,"tall":false},"timestamp":1626298034209},{"url":"https://github.com/","display":{"alignment":"center-center","direction":"vertical","order":"visual-name","rotate":0,"translate":{"x":0,"y":0},"gutter":25,"name":{"show":true,"text":"Github","size":7},"visual":{"show":true,"type":"icon","size":25,"letter":{"text":"GIT"},"icon":{"name":"github","prefix":"fab","label":"GitHub"},"image":{"url":""},"shadow":{"size":0}}},"accent":{"by":"theme","hsl":{"h":0,"s":0,"l":0},"rgb":{"r":0,"g":0,"b":0}},"color":{"by":"theme","hsl":{"h":0,"s":0,"l":0},"rgb":{"r":0,"g":0,"b":0},"opacity":15},"background":{"show":false,"type":"image","opacity":100,"image":{"url":""},"video":{"url":""}},"border":0,"shape":{"wide":false,"tall":false},"timestamp":1626298038470}]}]}